hash	nonce	transaction_index	from_address	to_address	value	gas	gas_price	input	receipt_cumulative_gas_used	receipt_gas_used	receipt_contract_address	receipt_root	receipt_status	block_timestamp	block_number	block_hash	max_fee_per_gas	max_priority_fee_per_gas	transaction_type	receipt_effective_gas_price	max_fee_per_blob_gas	blob_versioned_hashes	receipt_blob_gas_price	receipt_blob_gas_used
0x651c0728157f41c8f0fcbd990511f56e08c717834a78c946a4c9c862b618cf0f	23443	14	0x4d6f90d12656b411a70102ff82f17e895f7092ec	0x51c72848c68a965f66fa7a88855f9f7784502a7f	0	381777	498643557	0x771d503f000000000000000000000000000000000000000000000000000749b8611406a90000000000000000000000003470447f3cecffac709d3e783a307790b0208d60000000000000000000000000000000000000000000000000000000012c77d882000000000000000000000000000000000000000000000026be18881e55c00000000000000000000000000000000000000000000000000000000000000000000000000000000000000000000000000000000000000000000000000000000000c00000000000000000000000000000000000000000000000000000000000000014dac17f958d2ee523a2206206994597c13d831ec7000000000000000000000000	3182357	135477			1	2025-03-25 13:32:23.000000 UTC	22124235	0xd5bce7b75ff5ff4437ff71051bae7a0b3e13255a31f8c018625fc359d1ef4245	498693421	0	2	498643557		[]		
0x2cfcf08e2758473ad3cf9da267cff179828288bb23025be996a92187dcef3eea	939377	42	0xb8ff877ed78ba520ece21b1de7843a8a57ca47cb	0xa59ba433ac34d2927232918ef5b2eaafcf130ba5	0	370356	1025914179	0xb143044b0000000000000000000000000000000000000000000000000000000000000020000000000000000000000000000000000000000000000000000000000000000100000000000000000000000000000000000000000000000000000000000000200000000000000000000000000000000000000000000000000000000000000065000000000000000000000000c02ab410f0734efa3f14628780e6e695156024c200000000000000000000000000000000000000000000000000000000000000a00000000000000000000000000000000000000000000000000000000067e304bb00000000000000000000000000000000000000000000000000000000000001c000000000000000000000000000000000000000000000000000000000000000e40223536e00000000000000000000000000000000000000000000000000000000000000605c82c039447b1c6c5ea2e4840476b44068cb092e3bbac175037478f89a5fdc51000000000000000000000000000000000000000000000000000000000000000a000000000000000000000000000000000000000000000000000000000000005101000000000000db68000075e80000000000000000000000005634c4a5fed09819e3c46d86a965dd9447d86e47000075950000000000000000000000006d6620efa72948c5f68a3c8646d58c00d3f4a980000000000000000000000000000000000000000000000000000000000000000000000000000000000000000000000000000000000000000000000000000000000000000000000000000041baf435c7ec20f4e57190817526fa81def2942847c1bda4274a37279d899055be6b6e647f9204b5193080c942ac830bf630d2e5a39e2dd95cea9b53cf0a633d4d1b00000000000000000000000000000000000000000000000000000000000000	5157511	69652			1	2025-03-25 13:32:35.000000 UTC	22124236	0xf0538c8552c37f067b01eaf2d26cb9801ae5c8c9da9765de520bbef3ba861ca5	1167437340	569065072	2	1025914179		[]		
0xbfccef04c417928673eacae9c6112088a222e1759c3b9773aa1c62a385e77c2e	14580	95	0xa9ac43f5b5e38155a288d1a01d2cbc4478e14573	0x3c752827f24391ef82d6b77dc9702a3fe5b93eef	20010000000000000	210000	2456849107	0x	7590917	21000			1	2025-03-25 13:32:35.000000 UTC	22124236	0xf0538c8552c37f067b01eaf2d26cb9801ae5c8c9da9765de520bbef3ba861ca5	502000000000	2000000000	2	2456849107		[]		
0xda46d31471baac0865d45286fd7c0d3c2b7669211affcbd91a1175c506389c0a	882675	237	0x2b3fed49557bd88f78b898684f82fbb355305dbb	0xdac17f958d2ee523a2206206994597c13d831ec7	0	74386	548507912	0xa9059cbb000000000000000000000000d4cf349b087bd8e9d97b84a588e580777b6ba7c8000000000000000000000000000000000000000000000000000000000616cee4	18722404	46109			1	2025-03-25 13:32:35.000000 UTC	22124236	0xf0538c8552c37f067b01eaf2d26cb9801ae5c8c9da9765de520bbef3ba861ca5	548507912	548507912	2	548507912		[]		
0x886e6e490e71a65d4153d5ac1958ad4ed083334025cd087138ccae7c241739d3	14155	10	0x215258e825dcc5a29021cc02dba8ff9bfb1b2397	0xdac17f958d2ee523a2206206994597c13d831ec7	0	120000	2456849107	0xa9059cbb000000000000000000000000077662eb2b6df5445daa611da84cdbbc7b7889c0000000000000000000000000000000000000000000000000000000045503fd6e	4108256	46121			1	2025-03-25 13:32:35.000000 UTC	22124236	0xf0538c8552c37f067b01eaf2d26cb9801ae5c8c9da9765de520bbef3ba861ca5	8000000000	2000000000	2	2456849107		[]		
0xa89514055a970914253a8a70e1428fb1c992f7f981f2835f282540b359fcc3c4	2174	151	0x2fc781e170f2e26e7feb1453ddf9ddf5a11ad8fd	0x243205e5c413534d0702ea981a35256e6853857f	0	740000	1103976040	0x6fadcf7200000000000000000000000095a0d99507e9b248c18c4dc111af9eb66681992e00000000000000000000000000000000000000000000000000000000000000400000000000000000000000000000000000000000000000000000000000000564b1dc65a400011641dce985f33ab4937bdcaa985cbbe5f4fb8ba6d7893ccabf0896fc828e000000000000000000000000000000000000000000000000000000000091c401c37ffb497489574df38afc8c9dbd74e8ef96f9d0304666a1d538eb7b3d39a0f900000000000000000000000000000000000000000000000000000000000000e000000000000000000000000000000000000000000000000000000000000003a00000000000000000000000000000000000000000000000000000000000000480000101000000000000000000000000000000000000000000000000000000000000000000000000000000000000000000000000000000000000000000000002a00000000000000000000000000000000000000000000000000000000067e2b066050f0a09000b040c0602080d01070e0300000000000000000000000000000000000000000000000000000000000000000000000000000000000000000000008000000000000000000000000000000000000000000000000747ff1ccee5e5a40c000000000000000000000000000000000000000000000000000000000000001000000000000000000000000000000000000000000000000000000000009fbde000000000000000000000000000000000000000000000000000000000009fe2f100000000000000000000000000000000000000000000000000000000009fe2f10000000000000000000000000000000000000000000000000000000000a037a00000000000000000000000000000000000000000000000000000000000a037a00000000000000000000000000000000000000000000000000000000000a037a00000000000000000000000000000000000000000000000000000000000a052300000000000000000000000000000000000000000000000000000000000a05ac80000000000000000000000000000000000000000000000000000000000a05ac80000000000000000000000000000000000000000000000000000000000a05ac80000000000000000000000000000000000000000000000000000000000a05ef70000000000000000000000000000000000000000000000000000000000a05ef70000000000000000000000000000000000000000000000000000000000a05ef70000000000000000000000000000000000000000000000000000000000a066800000000000000000000000000000000000000000000000000000000000a066800000000000000000000000000000000000000000000000000000000000a06f1900000000000000000000000000000000000000000000000000000000000000064fd9502f202988b92ce2e7ad4aee31b78bc51ef0c338a1421cc740271ecc1a4e68a8be4a7cc9137088a306a7f61317f8bc2c640eda04e24a776b1fedb32de78a63ef57c465eb3fb4286f5ff3b2b6f9de13a5cb897ecca42aabb938b3e0907b899802809b710b103d0b347a0871298b65d4665aa9826847b99a12136c5a5f5b7cb57b1d97bd6b539e67baaf8821844c01b479070e6d58bf0e14f3a2d58dd66f1e6e5eea0f895715dd02a9c9ff2bddf054bd234cfa42c8c0d13caabbfd720d7d610000000000000000000000000000000000000000000000000000000000000006152d801e9d1fe249dfa5d9e7c8ee758ab58152398abf4efbcf7560c421c2ec9029472ae6a05fc0485c4ce513551dc70b56d4150622a4cea0c87153175e3f4f776f7bf0bdd247e9c0ca4f3a90f2816fa5611d4149968986970518c2a6d0cb779b393d26386f9fa4e5b798c0f431d27ac12372a0841749941daa1b03354d264e66751dba95e02bfc71fdacd6c8164093bde0607abf9aaec58ceb14d9eeefaf828b2259f3860d3694a462b28460734b638df786d9e1c8b297943c946ede7344d94e00000000000000000000000000000000000000000000000000000000	13169101	138594			1	2025-03-25 13:32:35.000000 UTC	22124236	0xf0538c8552c37f067b01eaf2d26cb9801ae5c8c9da9765de520bbef3ba861ca5	1784381969	647126933	2	1103976040		[]		
0xe3c41580264187349223a41cccd495c9f213cfaf8a5a996ac1bc9426666b594e	414	124	0x40786472eddbf02e9ce122adef40bda90c20302c	0x111111125421ca6dc452d289314280a0f8842a65	11000000000000000000	216240	2506849107	0x07ed23790000000000000000000000005141b82f5ffda4c6fe1e372978f1c5427640a190000000000000000000000000eeeeeeeeeeeeeeeeeeeeeeeeeeeeeeeeeeeeeeee000000000000000000000000d31a59c85ae9d8edefec411d448f90841571b89c0000000000000000000000005141b82f5ffda4c6fe1e372978f1c5427640a19000000000000000000000000040786472eddbf02e9ce122adef40bda90c20302c00000000000000000000000000000000000000000000000098a7d9b8314c00000000000000000000000000000000000000000000000000000000002490d60c0f0000000000000000000000000000000000000000000000000000000000000000000000000000000000000000000000000000000000000000000000000000012000000000000000000000000000000000000000000000000000000000000000ff0000000000000000000000000000000000000000e10000b300006900001a4041c02aaa39b223fe8d0a0e5c4f27ead9083c756cc2d0e30db002a00000000000000000000000000000000000000000000000000000002437b6ae29ee63c1e501127452f3f9cdc0389b0bf59ce6131aa3bd763598c02aaa39b223fe8d0a0e5c4f27ead9083c756cc200a0f2fa6b66d31a59c85ae9d8edefec411d448f90841571b89c000000000000000000000000000000000000000000000000000000249584d5620000000000000000000000000210b76a80a06c4eca27d31a59c85ae9d8edefec411d448f90841571b89c111111125421ca6dc452d289314280a0f8842a6500e26b9977	11309410	175157			0	2025-03-25 13:32:35.000000 UTC	22124236	0xf0538c8552c37f067b01eaf2d26cb9801ae5c8c9da9765de520bbef3ba861ca5	9050000000	2050000000	2	2506849107		[]		
0x632c6f9c0b1228c50f27eb8f28c7a673549eff19f0303e60fe296aaed5d3ebaf	39	68	0x27dcdebeef13ba9617aefe94f71d275e2895d0e1	0x000000000022d473030f116ddee9f6b43ac78ba3	0	36966	1096289385	0x87517c450000000000000000000000004c9edd5852cd905f086c759e8383e09bff1e68b300000000000000000000000066a9893cc07d91d95644aedd05d03f95e1dba8af000000000000000000000000000000000000000000000000000000000000000000000000000000000000000000000000000000000000000000000000680a0bb3	6408134	30454			1	2025-03-25 13:32:35.000000 UTC	22124236	0xf0538c8552c37f067b01eaf2d26cb9801ae5c8c9da9765de520bbef3ba861ca5	1312852454	639440278	2	1096289385		[]		
0x9751118a03907862fd2c4e1ef3d4c808ef09876fefbb82dd3cdfa6464a9358fe	1402	5	0x772ceb1580b855a57b3c229a172ed225be00f130	0xdef171fe48cf0115b1d80b88dc8eab59176fee57	0	680795	8456849107	0x46c67b6d0000000000000000000000000000000000000000000000000000000000000020000000000000000000000000dac17f958d2ee523a2206206994597c13d831ec700000000000000000000000000000000000000000000000000000002540be400000000000000000000000000000000000000000000000000000004d36cca292a000000000000000000000000000000000000000000000000000004d5e6984a1500000000000000000000000000000000000000000000000000000000000000000000000000000000000000000000000000000000000000000000000000000160000000000000000000000000000000000000000000000000000000000000000001000000000000000000000000000000000000000000000000000000000040000000000000000000000000000000000000000000000000000000000000000b400000000000000000000000000000000000000000000000000000000067e304c981d4e4cf433e4d5b9cf6cbd93d4cead90000000000000000000000000000000000000000000000000000000000000000000000000000000000000000000000020000000000000000000000000000000000000000000000000000000000000040000000000000000000000000000000000000000000000000000000000000038000000000000000000000000000000000000000000000000000000000000019c80000000000000000000000000000000000000000000000000000000000000040000000000000000000000000000000000000000000000000000000000000000100000000000000000000000000000000000000000000000000000000000000200000000000000000000000004206931337dc273a630d328da6441786bfad668f00000000000000000000000000000000000000000000000000000000000000000000000000000000000000000000000000000000000000000000000000000060000000000000000000000000000000000000000000000000000000000000000100000000000000000000000000000000000000000000000000000000000000200000000000000000000000009be264469ef954c139da4a45cf76cbcc5e3a6a73000000000000000000000000000000000000000000000000000000000000271000000000000000000000000000000000000000000000000000000000000000000000000000000000000000000000000000000000000000000000000000000080000000000000000000000000000000000000000000000000000000000000000100000000000000000000000000000000000000000000000000000000000000200000000000000000000000000000000000000000000000000000000000000004000000000000000000000000f9234cb08edb93c0d4a4d4c70cc3ffd070e78e07000000000000000000000000000000000000000000000000000000000000271000000000000000000000000000000000000000000000000000000000000000a0000000000000000000000000000000000000000000000000000000000000000000000000000000000000000000000000000000000000000000000000000000a00000000000000000000000000000000000000000000000000000000000000020000000000000000000000000000000000000000000000000000000000000000000000000000000000000000000000000000000000000000000000000000000400000000000000000000000000000000000000000000000000000000000000001000000000000000000004de5fcd13ea0b906f2f87229650b8d93a51b2e839ebd0000000000000000000000000000000000000000000000000000000000000d480000000000000000000000000000000000000000000000000000000000000040000000000000000000000000000000000000000000000000000000000000000200000000000000000000000000000000000000000000000000000000000000400000000000000000000000000000000000000000000000000000000000000320000000000000000000000000eeeeeeeeeeeeeeeeeeeeeeeeeeeeeeeeeeeeeeee00000000000000000000000000000000000000000000000000000000000000000000000000000000000000000000000000000000000000000000000000000060000000000000000000000000000000000000000000000000000000000000000100000000000000000000000000000000000000000000000000000000000000200000000000000000000000009be264469ef954c139da4a45cf76cbcc5e3a6a730000000000000000000000000000000000000000000000000000000000002710000000000000000000000000000000000000000000000000000000000000000000000000000000000000000000000000000000000000000000000000000000800000000000000000000000000000000000000000000000000000000000000001000000000000000000000000000000000000000000000000000000000000002000000000000000000000000000000000000000000000000000000000000000060000000000000000000000001b81d678ffb9c0263b24a97847620c99d213eb14000000000000000000000000000000000000000000000000000000000000271000000000000000000000000000000000000000000000000000000000000000a0000000000000000000000000000000000000000000000000000000000000000000000000000000000000000000000000000000000000000000000000000000c0000000000000000000000000000000000000000000000000000000000000002000000000000000000000000000000000000000000000000000000000000000400000000000000000000000000000000000000000000000000000000067ebeae8000000000000000000000000000000000000000000000000000000000000002bdac17f958d2ee523a2206206994597c13d831ec70001f4c02aaa39b223fe8d0a0e5c4f27ead9083c756cc20000000000000000000000000000000000000000000000000000000000000000004206931337dc273a630d328da6441786bfad668f00000000000000000000000000000000000000000000000000000000000000000000000000000000000000000000000000000000000000000000000000000060000000000000000000000000000000000000000000000000000000000000000100000000000000000000000000000000000000000000000000000000000000200000000000000000000000009be264469ef954c139da4a45cf76cbcc5e3a6a73000000000000000000000000000000000000000000000000000000000000271000000000000000000000000000000000000000000000000000000000000000000000000000000000000000000000000000000000000000000000000000000080000000000000000000000000000000000000000000000000000000000000000100000000000000000000000000000000000000000000000000000000000000200000000000000000000000000000000000000000000000000000000000000004000000000000000000000000f9234cb08edb93c0d4a4d4c70cc3ffd070e78e07000000000000000000000000000000000000000000000000000000000000271000000000000000000000000000000000000000000000000000000000000000a0000000000000000000000000000000000000000000000000000000000000000000000000000000000000000000000000000000000000000000000000000000a00000000000000000000000000000000000000000000000000000000000000020000000000000000000000000c02aaa39b223fe8d0a0e5c4f27ead9083c756cc200000000000000000000000000000000000000000000000000000000000000400000000000000000000000000000000000000000000000000000000000000001000000000000000000004de5c0067d751fb1172dbab1fa003efe214ee8f419b60000000000000000000000000000000000000000000000000000000000000000	3837917	387454			1	2025-03-25 13:32:35.000000 UTC	22124236	0xf0538c8552c37f067b01eaf2d26cb9801ae5c8c9da9765de520bbef3ba861ca5	8648420446	8000000000	2	8456849107		[]		
0x3d93349798d6bc149b7609779136a8952e0880a5a7b6c85202abe0b31c5eb981	12	13	0x380669497419eade43955c0a6d3fd3c78a958336	0x58b6a8a3302369daec383334672404ee733ab239	0	46121	456989108	0x095ea7b3000000000000000000000000aaaaaaaaa24eeeb8d57d431224f73832bc34f688000000000000000000000000000000000000000000000017791505de20240000	4220537	46121			1	2025-03-25 13:32:35.000000 UTC	22124236	0xf0538c8552c37f067b01eaf2d26cb9801ae5c8c9da9765de520bbef3ba861ca5	462367787	140001	2	456989108		[]		